{"store_sales": {"TX303": 3361, "FL404": 3401, "NY001": 3358, "CA202": 3370}, "store_revenue": {"TX303": 856209.3699999984, "FL404": 854936.6299999992, "NY001": 845315.7200000025, "CA202": 864657.4599999997}, "top_products": [["SKU002", 3424], ["SKU003", 3383], ["SKU001", 3342]]}